case_id,match_id,period,possession_id,possession_team_id,candidate_id,candidate_event_index,candidate_elapsed_seconds,candidate_event_type,candidate_event_team,restart_context,possession_restart_context,candidate_reason,attacking_x,current_x_reference,candidate_anchor_x,prior_peak_x,retreat_from_peak,largest_recent_negative_dx,negative_run_length,nonpositive_run_length,time_since_peak,events_since_peak,observed_recovery,time_to_recovery,events_to_recovery,new_peak_afterward,starting_field_position_band,before_event_index,after_event_index,before_spatial_state_available,candidate_spatial_state_available,after_spatial_state_available,review_label,review_boundary_event_index,review_boundary_time,review_confidence,review_notes,statsbomb_revision
C02,3895060,2,172,904,C02_M01,4280,10.276000000000296,Pass,Bayer Leverkusen,,,review sampling criterion: first full-event gap>3s,102.3,safe_action_end,84.4,102.3,0.0,0.0,,,0.0,0.0,,,,,"[0,30)",4279.0,4282.0,True,True,True,,,,,,533862946a73608c134d18b78226b6371ce7173c
C02,3895060,2,172,904,C02_M02,4289,24.32200000000012,Carry,Bayer Leverkusen,,,review sampling criterion: first negative vector (no magnitude minimum); review sampling criterion: peak_retreat>=15; review sampling criterion: peak_retreat>=5,98.6,safe_action_end,100.3,116.8,18.200000000000003,-1.7000000000000028,1.0,1.0,3.1410000000000764,4.0,False,,,False,"[0,30)",4285.0,4290.0,True,True,True,,,,,,533862946a73608c134d18b78226b6371ce7173c
C03,3895153,2,115,904,C03_M01,3457,9.317000000000007,Pass,Bayer Leverkusen,,,review sampling criterion: first full-event gap>3s; review sampling criterion: first negative vector (no magnitude minimum),90.2,safe_action_end,93.8,93.8,3.5999999999999943,-3.5999999999999943,1.0,1.0,0.0,0.0,True,1.6639999999999873,2.0,True,"[0,30)",3456.0,3459.0,True,True,True,,,,,,533862946a73608c134d18b78226b6371ce7173c
C03,3895153,2,115,904,C03_M02,3459,10.980999999999996,Carry,Bayer Leverkusen,,,review sampling criterion: first negative-to-positive action turn; review sampling criterion: shortest/longest observed record-peak recovery,95.2,safe_action_end,90.2,95.2,0.0,-3.5999999999999943,,,0.0,0.0,,,,,"[0,30)",3457.0,3460.0,True,True,True,,,,,,533862946a73608c134d18b78226b6371ce7173c
C03,3895153,2,115,904,C03_M03,3463,14.155999999999947,Shot,Bayer Leverkusen,,,review sampling criterion: literal football context,,unavailable_no_safe_action_vector,109.9,109.9,,0.0,,,1.0139999999998963,1.0,,,,,"[0,30)",3462.0,,True,True,False,,,,,,533862946a73608c134d18b78226b6371ce7173c
C03,3895153,2,115,904,C03_M04,3464,14.281999999999924,Block,Werder Bremen,,,review sampling criterion: literal football context,,unavailable_no_safe_action_vector,,109.9,,0.0,,,1.139999999999873,2.0,,,,,"[0,30)",3463.0,,True,False,False,,,,,,533862946a73608c134d18b78226b6371ce7173c
C04,3895052,1,12,904,C04_M01,164,1.367999999999995,Carry,Bayer Leverkusen,,,review sampling criterion: first negative vector (no magnitude minimum),81.7,safe_action_end,83.7,83.7,2.0,-2.0,1.0,1.0,0.0,0.0,True,0.4449999999999932,2.0,True,"[80,100)",162.0,165.0,True,True,True,,,,,,533862946a73608c134d18b78226b6371ce7173c
C04,3895052,1,12,904,C04_M02,166,1.812999999999988,Pass,Bayer Leverkusen,,,review sampling criterion: first negative-to-positive action turn; review sampling criterion: shortest/longest observed record-peak recovery,88.0,safe_action_end,81.7,88.0,0.0,-2.0,,,0.0,0.0,,,,,"[80,100)",165.0,168.0,True,True,True,,,,,,533862946a73608c134d18b78226b6371ce7173c
C04,3895052,1,12,904,C04_M03,168,2.5180000000000007,Pass,Bayer Leverkusen,,,review sampling criterion: peak_retreat>=15; review sampling criterion: peak_retreat>=5; review sampling criterion: single_negative>=15; review sampling criterion: single_negative>=5,66.7,safe_action_end,86.0,88.0,21.3,-19.3,1.0,1.0,0.7050000000000125,2.0,True,4.731999999999999,3.0,True,"[80,100)",166.0,170.0,True,True,True,,,,,,533862946a73608c134d18b78226b6371ce7173c
C04,3895052,1,12,904,C04_M04,177,19.792999999999974,Pass,Bayer Leverkusen,,,review sampling criterion: first full-event gap>3s; review sampling criterion: negative run>=2; review sampling criterion: nonpositive run>=2; review sampling criterion: peak_retreat>=30,63.7,safe_action_end,70.9,97.2,33.5,-7.200000000000003,2.0,2.0,12.542999999999978,6.0,True,36.610000000000014,40.0,True,"[80,100)",176.0,179.0,True,True,True,,,,,,533862946a73608c134d18b78226b6371ce7173c
C04,3895052,1,12,904,C04_M05,189,31.020999999999987,Pass,Bayer Leverkusen,,,review sampling criterion: peak_retreat>=40,57.0,safe_action_end,61.9,97.2,40.2,-10.599999999999994,4.0,4.0,23.770999999999987,18.0,True,25.382000000000005,28.0,True,"[80,100)",187.0,191.0,True,True,True,,,,,,533862946a73608c134d18b78226b6371ce7173c
C04,3895052,1,12,904,C04_M06,192,33.363,Pass,Bayer Leverkusen,,,review sampling criterion: single_negative>=30,14.2,safe_action_end,51.6,97.2,83.0,-37.400000000000006,6.0,6.0,26.113,21.0,True,23.039999999999992,25.0,True,"[80,100)",191.0,197.0,True,True,True,,,,,,533862946a73608c134d18b78226b6371ce7173c
C04,3895052,1,12,904,C04_M07,201,42.845999999999975,Carry,Bayer Leverkusen,,,review sampling criterion: negative run>=3; review sampling criterion: nonpositive run>=3,14.2,safe_action_end,26.1,97.2,83.0,-37.400000000000006,7.0,7.0,35.595999999999975,30.0,True,13.557000000000016,16.0,True,"[80,100)",199.0,208.0,True,True,True,,,,,,533862946a73608c134d18b78226b6371ce7173c
C04,3895052,1,12,904,C04_M08,217,56.40299999999999,Pass,Bayer Leverkusen,,,review sampling criterion: shortest/longest observed record-peak recovery,109.5,safe_action_end,79.3,109.5,0.0,0.0,,,0.0,0.0,,,,,"[80,100)",216.0,218.0,True,True,True,,,,,,533862946a73608c134d18b78226b6371ce7173c
C05,3895052,2,174,904,C05_M01,3610,0.0,Pass,Bayer Leverkusen,Free Kick,Free Kick,review sampling criterion: literal football context,83.2,safe_action_end,70.4,83.2,0.0,0.0,,,0.0,0.0,,,,,"[60,80)",,3612.0,False,True,True,,,,,,533862946a73608c134d18b78226b6371ce7173c
C05,3895052,2,174,904,C05_M02,3612,1.2330000000001746,Carry,Bayer Leverkusen,,Free Kick,review sampling criterion: first negative vector (no magnitude minimum); review sampling criterion: peak_retreat>=5; review sampling criterion: single_negative>=5,69.1,safe_action_end,83.2,83.2,14.100000000000009,-14.100000000000009,1.0,1.0,0.0,0.0,True,5.773999999999887,5.0,True,"[60,80)",3610.0,3613.0,True,True,True,,,,,,533862946a73608c134d18b78226b6371ce7173c
C05,3895052,2,174,904,C05_M03,3614,4.032000000000153,Pass,Bayer Leverkusen,,Free Kick,review sampling criterion: negative run>=2; review sampling criterion: peak_retreat>=15; review sampling criterion: peak_retreat>=30; review sampling criterion: peak_retreat>=40; review sampling criterion: single_negative>=15; review sampling criterion: single_negative>=30,35.3,safe_action_end,69.1,83.2,47.900000000000006,-33.8,2.0,2.0,2.798999999999978,2.0,True,2.974999999999909,3.0,True,"[60,80)",3613.0,3616.0,True,True,True,,,,,,533862946a73608c134d18b78226b6371ce7173c
C05,3895052,2,174,904,C05_M04,3616,6.967000000000098,Carry,Bayer Leverkusen,,Free Kick,review sampling criterion: nonpositive run>=2; review sampling criterion: nonpositive run>=3,35.3,safe_action_end,35.3,83.2,47.900000000000006,-33.8,,3.0,5.733999999999924,4.0,True,0.0399999999999636,1.0,True,"[60,80)",3614.0,3617.0,True,True,True,,,,,,533862946a73608c134d18b78226b6371ce7173c
C05,3895052,2,174,904,C05_M05,3617,7.007000000000062,Pass,Bayer Leverkusen,,Free Kick,review sampling criterion: shortest/longest observed record-peak recovery,83.7,safe_action_end,35.3,83.7,0.0,-33.8,,,0.0,0.0,,,,,"[60,80)",3616.0,3619.0,True,True,True,,,,,,533862946a73608c134d18b78226b6371ce7173c
C05,3895052,2,174,904,C05_M06,3618,11.08199999999988,Ball Receipt*,Bayer Leverkusen,,Free Kick,review sampling criterion: first full-event gap>3s,,unavailable_no_safe_action_vector,,83.7,,-33.8,,,4.074999999999818,1.0,,,,,"[60,80)",3617.0,3619.0,True,False,True,,,,,,533862946a73608c134d18b78226b6371ce7173c
C05,3895052,2,174,904,C05_M07,3622,14.485999999999876,Pass,Bayer Leverkusen,,Free Kick,review sampling criterion: negative run>=3,71.1,safe_action_end,71.9,83.7,12.600000000000009,-7.299999999999997,3.0,3.0,3.4039999999999964,3.0,True,0.6530000000002474,2.0,True,"[60,80)",3621.0,3624.0,True,True,True,,,,,,533862946a73608c134d18b78226b6371ce7173c
C05,3895052,2,174,904,C05_M08,3624,15.139000000000124,Pass,Bayer Leverkusen,,Free Kick,review sampling criterion: first negative-to-positive action turn; review sampling criterion: shortest/longest observed record-peak recovery,90.1,safe_action_end,73.6,90.1,0.0,-4.5,,,0.0,0.0,,,,,"[60,80)",3622.0,3626.0,True,True,True,,,,,,533862946a73608c134d18b78226b6371ce7173c
C06,3895060,1,23,904,C06_M01,426,0.0,Pass,Bayer Leverkusen,Throw-in,Throw-in,review sampling criterion: literal football context,,unavailable_no_safe_action_vector,,,,,,,,,,,,,"[30,60)",,428.0,False,False,True,,,,,,533862946a73608c134d18b78226b6371ce7173c
C06,3895060,1,23,904,C06_M02,432,12.032999999999902,Pass,Bayer Leverkusen,,Throw-in,review sampling criterion: first full-event gap>3s,69.0,safe_action_end,56.5,69.0,0.0,0.0,,,0.0,0.0,,,,,"[30,60)",431.0,434.0,True,True,True,,,,,,533862946a73608c134d18b78226b6371ce7173c
C06,3895060,1,23,904,C06_M03,438,17.076999999999998,Pass,Bayer Leverkusen,,Throw-in,review sampling criterion: shortest/longest observed record-peak recovery,104.7,safe_action_end,80.5,104.7,0.0,0.0,,,0.0,0.0,,,,,"[30,60)",435.0,442.0,True,True,True,,,,,,533862946a73608c134d18b78226b6371ce7173c
C06,3895060,1,23,904,C06_M04,442,33.26999999999998,Pass,Borussia Mönchengladbach,,Throw-in,review sampling criterion: first full-event gap>10s,,unavailable_no_safe_action_vector,114.2,104.7,,0.0,,,16.192999999999984,4.0,,,,,"[30,60)",438.0,445.0,True,True,True,,,,,,533862946a73608c134d18b78226b6371ce7173c
C06,3895060,1,23,904,C06_M05,448,38.52799999999991,Pass,Bayer Leverkusen,,Throw-in,review sampling criterion: first negative vector (no magnitude minimum); review sampling criterion: peak_retreat>=15; review sampling criterion: peak_retreat>=30; review sampling criterion: peak_retreat>=40; review sampling criterion: peak_retreat>=5; review sampling criterion: single_negative>=5,27.6,safe_action_end,41.2,104.7,77.1,-13.6,1.0,1.0,21.450999999999908,10.0,False,,,False,"[30,60)",445.0,450.0,True,True,True,,,,,,533862946a73608c134d18b78226b6371ce7173c
C06,3895060,1,23,904,C06_M06,451,40.64099999999996,Pass,Bayer Leverkusen,,Throw-in,review sampling criterion: nonpositive run>=2; review sampling criterion: nonpositive run>=3; review sampling criterion: single_negative>=15,7.2,safe_action_end,27.6,104.7,97.5,-20.4,1.0,3.0,23.563999999999965,13.0,False,,,False,"[30,60)",450.0,453.0,True,True,True,,,,,,533862946a73608c134d18b78226b6371ce7173c
C06,3895060,1,23,904,C06_M07,453,42.01699999999994,Carry,Bayer Leverkusen,,Throw-in,review sampling criterion: first negative-to-positive action turn,7.5,safe_action_end,7.2,104.7,97.2,-20.4,,,24.93999999999994,15.0,False,,,False,"[30,60)",451.0,454.0,True,True,True,,,,,,533862946a73608c134d18b78226b6371ce7173c
C07,3895060,1,36,904,C07_M01,646,5.4249999999999545,Pressure,Borussia Mönchengladbach,,,review sampling criterion: first full-event gap>3s,,unavailable_no_safe_action_vector,48.1,41.4,,0.0,,,3.576999999999998,1.0,,,,,"[0,30)",645.0,647.0,True,True,True,,,,,,533862946a73608c134d18b78226b6371ce7173c
C07,3895060,1,36,904,C07_M02,647,6.894999999999982,Pass,Bayer Leverkusen,,,review sampling criterion: first negative vector (no magnitude minimum); review sampling criterion: peak_retreat>=5; review sampling criterion: single_negative>=5,30.0,safe_action_end,41.4,41.4,11.4,-11.4,1.0,1.0,0.0,0.0,True,5.370999999999981,3.0,True,"[0,30)",646.0,649.0,True,True,True,,,,,,533862946a73608c134d18b78226b6371ce7173c
C07,3895060,1,36,904,C07_M03,649,7.867999999999938,Carry,Bayer Leverkusen,,,review sampling criterion: first negative-to-positive action turn,40.4,safe_action_end,30.0,41.4,1.0,-11.4,,,0.9729999999999565,2.0,True,4.398000000000025,1.0,True,"[0,30)",647.0,650.0,True,True,True,,,,,,533862946a73608c134d18b78226b6371ce7173c
C07,3895060,1,36,904,C07_M04,662,24.952,Pass,Bayer Leverkusen,,,review sampling criterion: nonpositive run>=2,61.1,safe_action_end,68.2,68.2,7.100000000000001,-7.100000000000001,1.0,2.0,0.0,0.0,True,4.961999999999875,6.0,True,"[0,30)",661.0,664.0,True,True,True,,,,,,533862946a73608c134d18b78226b6371ce7173c
C07,3895060,1,36,904,C07_M05,685,38.24400000000003,Carry,Bayer Leverkusen,,,review sampling criterion: shortest/longest observed record-peak recovery,101.7,safe_action_end,90.8,101.7,0.0,-0.5,,,0.0,0.0,,,,,"[0,30)",683.0,689.0,True,True,True,,,,,,533862946a73608c134d18b78226b6371ce7173c
C07,3895060,1,36,904,C07_M06,689,43.36800000000005,Pass,Bayer Leverkusen,,,review sampling criterion: peak_retreat>=15; review sampling criterion: single_negative>=15,85.2,safe_action_end,105.3,105.3,20.099999999999994,-20.099999999999994,1.0,1.0,0.0,0.0,True,33.88099999999986,40.0,True,"[0,30)",685.0,691.0,True,True,True,,,,,,533862946a73608c134d18b78226b6371ce7173c
C07,3895060,1,36,904,C07_M07,694,47.08699999999988,Carry,Bayer Leverkusen,,,review sampling criterion: negative run>=2; review sampling criterion: negative run>=3; review sampling criterion: nonpositive run>=3,81.6,safe_action_end,82.8,105.3,23.700000000000003,-2.0,4.0,4.0,3.718999999999824,5.0,True,30.162000000000035,35.0,True,"[0,30)",692.0,695.0,True,True,True,,,,,,533862946a73608c134d18b78226b6371ce7173c
C07,3895060,1,36,904,C07_M08,699,50.59800000000007,Pass,Bayer Leverkusen,,,review sampling criterion: peak_retreat>=30,74.1,safe_action_end,84.0,105.3,31.200000000000003,-9.900000000000006,2.0,2.0,7.230000000000018,10.0,True,26.65099999999984,30.0,True,"[0,30)",698.0,701.0,True,True,True,,,,,,533862946a73608c134d18b78226b6371ce7173c
C07,3895060,1,36,904,C07_M09,729,77.24899999999991,Pass,Bayer Leverkusen,,,review sampling criterion: shortest/longest observed record-peak recovery,113.2,safe_action_end,111.4,113.2,0.0,-10.299999999999995,,,0.0,0.0,,,,,"[0,30)",726.0,731.0,True,True,True,,,,,,533862946a73608c134d18b78226b6371ce7173c
C07,3895060,1,36,904,C07_M10,731,78.59800000000007,Shot,Bayer Leverkusen,,,review sampling criterion: literal football context,,unavailable_no_safe_action_vector,113.2,113.2,,-10.299999999999995,,,1.34900000000016,2.0,,,,,"[0,30)",729.0,,True,True,False,,,,,,533862946a73608c134d18b78226b6371ce7173c
C08,3895067,2,102,904,C08_M01,2751,6.403999999999996,Pass,Bayer Leverkusen,,,review sampling criterion: first full-event gap>3s,52.8,safe_action_end,44.3,52.8,0.0,0.0,,,0.0,0.0,,,,,"[30,60)",2750.0,2753.0,True,True,True,,,,,,533862946a73608c134d18b78226b6371ce7173c
C08,3895067,2,102,904,C08_M02,2757,12.663000000000013,Pass,Bayer Leverkusen,,,review sampling criterion: first negative vector (no magnitude minimum),59.3,safe_action_end,61.2,61.2,1.9000000000000057,-1.9000000000000057,1.0,1.0,0.0,0.0,True,35.75299999999993,32.0,True,"[30,60)",2756.0,2759.0,True,True,True,,,,,,533862946a73608c134d18b78226b6371ce7173c
C08,3895067,2,102,904,C08_M03,2760,13.112999999999827,Pass,Bayer Leverkusen,,,review sampling criterion: peak_retreat>=5,56.0,safe_action_end,59.3,61.2,5.200000000000003,-3.299999999999997,1.0,3.0,0.4499999999998181,3.0,True,35.30300000000011,29.0,True,"[30,60)",2759.0,2762.0,True,True,True,,,,,,533862946a73608c134d18b78226b6371ce7173c
C08,3895067,2,102,904,C08_M04,2762,14.028999999999996,Carry,Bayer Leverkusen,,,review sampling criterion: negative run>=2; review sampling criterion: nonpositive run>=2; review sampling criterion: nonpositive run>=3,55.6,safe_action_end,56.0,61.2,5.600000000000001,-3.299999999999997,2.0,4.0,1.3659999999999854,5.0,True,34.386999999999944,27.0,True,"[30,60)",2760.0,2763.0,True,True,True,,,,,,533862946a73608c134d18b78226b6371ce7173c
C08,3895067,2,102,904,C08_M05,2763,17.510999999999967,Pass,Bayer Leverkusen,,,review sampling criterion: first negative-to-positive action turn,57.1,safe_action_end,55.6,61.2,4.100000000000001,-3.299999999999997,,,4.847999999999956,6.0,True,30.904999999999973,26.0,True,"[30,60)",2762.0,2765.0,True,True,True,,,,,,533862946a73608c134d18b78226b6371ce7173c
C08,3895067,2,102,904,C08_M06,2766,21.55499999999984,Pass,Bayer Leverkusen,,,review sampling criterion: single_negative>=5,48.2,safe_action_end,55.0,61.2,13.0,-6.799999999999997,2.0,2.0,8.891999999999825,9.0,True,26.861000000000104,23.0,True,"[30,60)",2765.0,2768.0,True,True,True,,,,,,533862946a73608c134d18b78226b6371ce7173c
C08,3895067,2,102,904,C08_M07,2768,23.34799999999996,Carry,Bayer Leverkusen,,,review sampling criterion: peak_retreat>=15,41.5,safe_action_end,48.2,61.2,19.700000000000003,-6.799999999999997,3.0,3.0,10.684999999999944,11.0,True,25.067999999999984,21.0,True,"[30,60)",2766.0,2769.0,True,True,True,,,,,,533862946a73608c134d18b78226b6371ce7173c
C08,3895067,2,102,904,C08_M08,2772,27.565999999999804,Carry,Bayer Leverkusen,,,review sampling criterion: negative run>=3; review sampling criterion: peak_retreat>=30; review sampling criterion: peak_retreat>=40; review sampling criterion: single_negative>=15,15.8,safe_action_end,39.6,61.2,45.400000000000006,-23.8,5.0,5.0,14.902999999999793,15.0,True,20.850000000000136,17.0,True,"[30,60)",2770.0,2773.0,True,True,True,,,,,,533862946a73608c134d18b78226b6371ce7173c
C08,3895067,2,102,904,C08_M09,2789,48.41599999999994,Pass,Bayer Leverkusen,,,review sampling criterion: shortest/longest observed record-peak recovery,62.1,safe_action_end,46.8,62.1,0.0,-9.099999999999994,,,0.0,0.0,,,,,"[30,60)",2788.0,2791.0,True,True,True,,,,,,533862946a73608c134d18b78226b6371ce7173c
C08,3895067,2,102,904,C08_M10,2794,51.4699999999998,Carry,Bayer Leverkusen,,,review sampling criterion: shortest/longest observed record-peak recovery,70.6,safe_action_end,58.0,70.6,0.0,-3.3000000000000043,,,0.0,0.0,,,,,"[30,60)",2792.0,2795.0,True,True,True,,,,,,533862946a73608c134d18b78226b6371ce7173c
C08,3895067,2,102,904,C08_M11,2804,60.569999999999936,Shot,Bayer Leverkusen,,,review sampling criterion: literal football context,,unavailable_no_safe_action_vector,116.4,116.4,,0.0,,,1.5,1.0,,,,,"[30,60)",2803.0,,True,True,False,,,,,,533862946a73608c134d18b78226b6371ce7173c
C08,3895067,2,102,904,C08_M12,2806,128.45299999999995,Injury Stoppage,Darmstadt 98,,,review sampling criterion: first full-event gap>10s; review sampling criterion: first full-event gap>15s; review sampling criterion: literal football context,,unavailable_no_safe_action_vector,,116.4,,0.0,,,69.38300000000004,3.0,,,,,"[30,60)",2804.0,,True,False,False,,,,,,533862946a73608c134d18b78226b6371ce7173c
C09,3895153,1,21,904,C09_M01,574,0.0,Pass,Bayer Leverkusen,Corner,Corner,review sampling criterion: first negative vector (no magnitude minimum); review sampling criterion: literal football context,115.5,safe_action_end,120.0,120.0,4.5,-4.5,1.0,1.0,0.0,0.0,False,,,False,120 or above,,576.0,False,True,True,,,,,,533862946a73608c134d18b78226b6371ce7173c
C09,3895153,1,21,904,C09_M02,576,5.322000000000003,Pass,Bayer Leverkusen,,Corner,review sampling criterion: first full-event gap>3s; review sampling criterion: negative run>=2; review sampling criterion: peak_retreat>=15; review sampling criterion: peak_retreat>=30; review sampling criterion: peak_retreat>=40; review sampling criterion: peak_retreat>=5; review sampling criterion: single_negative>=15; review sampling criterion: single_negative>=30; review sampling criterion: single_negative>=40; review sampling criterion: single_negative>=5,31.3,safe_action_end,71.7,120.0,88.7,-40.400000000000006,2.0,2.0,5.322000000000003,2.0,False,,,False,120 or above,574.0,578.0,True,True,True,,,,,,533862946a73608c134d18b78226b6371ce7173c
C09,3895153,1,21,904,C09_M03,578,8.982000000000085,Carry,Bayer Leverkusen,,Corner,review sampling criterion: nonpositive run>=2; review sampling criterion: nonpositive run>=3,31.3,safe_action_end,31.3,120.0,88.7,-40.400000000000006,,3.0,8.982000000000085,4.0,False,,,False,120 or above,576.0,579.0,True,True,True,,,,,,533862946a73608c134d18b78226b6371ce7173c
C09,3895153,1,21,904,C09_M04,602,30.66700000000003,Carry,Bayer Leverkusen,,Corner,review sampling criterion: first negative-to-positive action turn,50.4,safe_action_end,44.4,120.0,69.6,-10.200000000000005,,,30.66700000000003,28.0,False,,,False,120 or above,600.0,603.0,True,True,True,,,,,,533862946a73608c134d18b78226b6371ce7173c
C09,3895153,1,21,904,C09_M05,616,40.226,Pass,Bayer Leverkusen,,Corner,review sampling criterion: negative run>=3,46.2,safe_action_end,58.8,120.0,73.8,-12.599999999999994,5.0,5.0,40.226,42.0,False,,,False,120 or above,614.0,618.0,True,True,True,,,,,,533862946a73608c134d18b78226b6371ce7173c
C10,3895167,2,106,904,C10_M01,2412,0.0,Pass,Bayer Leverkusen,Throw-in,Throw-in,review sampling criterion: literal football context,,unavailable_no_safe_action_vector,,,,,,,,,,,,,"[80,100)",,2414.0,False,False,True,,,,,,533862946a73608c134d18b78226b6371ce7173c
C10,3895167,2,106,904,C10_M02,2414,2.2280000000000086,Carry,Bayer Leverkusen,,Throw-in,review sampling criterion: first negative vector (no magnitude minimum),85.1,safe_action_end,87.3,87.3,2.200000000000003,-2.200000000000003,1.0,1.0,0.0,0.0,True,75.11500000000001,74.0,True,"[80,100)",,2415.0,False,True,True,,,,,,533862946a73608c134d18b78226b6371ce7173c
C10,3895167,2,106,904,C10_M03,2416,2.88900000000001,Pass,Bayer Leverkusen,,Throw-in,review sampling criterion: peak_retreat>=15; review sampling criterion: peak_retreat>=5; review sampling criterion: single_negative>=15; review sampling criterion: single_negative>=5,62.9,safe_action_end,85.1,87.3,24.4,-22.2,2.0,2.0,0.6610000000000014,2.0,True,74.45400000000001,72.0,True,"[80,100)",2415.0,2418.0,True,True,True,,,,,,533862946a73608c134d18b78226b6371ce7173c
C10,3895167,2,106,904,C10_M04,2418,5.105000000000018,Carry,Bayer Leverkusen,,Throw-in,review sampling criterion: peak_retreat>=30,50.0,safe_action_end,62.9,87.3,37.3,-22.2,3.0,3.0,2.877000000000009,4.0,True,72.238,70.0,True,"[80,100)",2416.0,2419.0,True,True,True,,,,,,533862946a73608c134d18b78226b6371ce7173c
C10,3895167,2,106,904,C10_M05,2420,7.430000000000007,Pass,Bayer Leverkusen,,Throw-in,review sampling criterion: peak_retreat>=40,38.7,safe_action_end,50.0,87.3,48.6,-22.2,4.0,4.0,5.201999999999998,6.0,True,69.91300000000001,68.0,True,"[80,100)",2419.0,2422.0,True,True,True,,,,,,533862946a73608c134d18b78226b6371ce7173c
C10,3895167,2,106,904,C10_M06,2422,9.199000000000012,Carry,Bayer Leverkusen,,Throw-in,review sampling criterion: negative run>=2; review sampling criterion: negative run>=3; review sampling criterion: nonpositive run>=2; review sampling criterion: nonpositive run>=3,31.1,safe_action_end,38.7,87.3,56.2,-12.9,5.0,5.0,6.971000000000004,8.0,True,68.144,66.0,True,"[80,100)",2420.0,2423.0,True,True,True,,,,,,533862946a73608c134d18b78226b6371ce7173c
C10,3895167,2,106,904,C10_M07,2423,11.041000000000054,Pass,Bayer Leverkusen,,Throw-in,review sampling criterion: first negative-to-positive action turn,37.1,safe_action_end,31.1,87.3,50.2,-11.299999999999995,,,8.813000000000045,9.0,True,66.30199999999996,65.0,True,"[80,100)",2422.0,2425.0,True,True,True,,,,,,533862946a73608c134d18b78226b6371ce7173c
C10,3895167,2,106,904,C10_M08,2451,37.75500000000005,Pressure,VfB Stuttgart,,Throw-in,review sampling criterion: first full-event gap>3s,,unavailable_no_safe_action_vector,54.400000000000006,87.3,,-1.8999999999999984,,,35.527000000000044,37.0,,,,,"[80,100)",2450.0,2452.0,True,True,True,,,,,,533862946a73608c134d18b78226b6371ce7173c
C10,3895167,2,106,904,C10_M09,2488,77.34300000000002,Pass,Bayer Leverkusen,,Throw-in,review sampling criterion: shortest/longest observed record-peak recovery,107.8,safe_action_end,77.6,107.8,0.0,-2.5,,,0.0,0.0,,,,,"[80,100)",2487.0,2491.0,True,True,True,,,,,,533862946a73608c134d18b78226b6371ce7173c
C10,3895167,2,106,904,C10_M10,2504,88.76100000000002,Pass,Bayer Leverkusen,,Throw-in,review sampling criterion: shortest/longest observed record-peak recovery,113.4,safe_action_end,99.0,113.4,0.0,0.0,,,0.0,0.0,,,,,"[80,100)",2503.0,2505.0,True,True,True,,,,,,533862946a73608c134d18b78226b6371ce7173c
C10,3895167,2,106,904,C10_M11,2507,90.18800000000005,Shot,Bayer Leverkusen,,Throw-in,review sampling criterion: literal football context,,unavailable_no_safe_action_vector,113.4,113.4,,0.0,,,1.427000000000021,3.0,,,,,"[80,100)",2505.0,2509.0,True,True,True,,,,,,533862946a73608c134d18b78226b6371ce7173c
C11,3895210,1,15,904,C11_M01,778,0.0,Pass,Bayer Leverkusen,Corner,Corner,review sampling criterion: first negative vector (no magnitude minimum); review sampling criterion: literal football context,116.2,safe_action_end,120.0,120.0,3.799999999999997,-3.799999999999997,1.0,1.0,0.0,0.0,False,,,False,120 or above,,783.0,False,True,True,,,,,,533862946a73608c134d18b78226b6371ce7173c
C11,3895210,1,15,904,C11_M02,783,6.921000000000049,Carry,Bayer Leverkusen,,Corner,review sampling criterion: peak_retreat>=15; review sampling criterion: peak_retreat>=30; review sampling criterion: peak_retreat>=40; review sampling criterion: peak_retreat>=5; review sampling criterion: single_negative>=15; review sampling criterion: single_negative>=5,57.2,safe_action_end,85.3,120.0,62.8,-28.099999999999994,2.0,2.0,6.921000000000049,5.0,False,,,False,120 or above,778.0,786.0,True,True,True,,,,,,533862946a73608c134d18b78226b6371ce7173c
C11,3895210,1,15,904,C11_M03,788,14.572000000000005,Pass,Bayer Leverkusen,,Corner,review sampling criterion: negative run>=2; review sampling criterion: negative run>=3,56.5,safe_action_end,58.4,120.0,63.5,-28.099999999999994,4.0,4.0,14.572000000000005,10.0,False,,,False,120 or above,787.0,790.0,True,True,True,,,,,,533862946a73608c134d18b78226b6371ce7173c
C11,3895210,1,15,904,C11_M04,790,16.076000000000022,Carry,Bayer Leverkusen,,Corner,review sampling criterion: nonpositive run>=2; review sampling criterion: nonpositive run>=3,56.5,safe_action_end,56.5,120.0,63.5,-1.8999999999999984,,5.0,16.076000000000022,12.0,False,,,False,120 or above,788.0,791.0,True,True,True,,,,,,533862946a73608c134d18b78226b6371ce7173c
C11,3895210,1,15,904,C11_M05,794,21.529999999999973,Pass,Bayer Leverkusen,,Corner,review sampling criterion: first full-event gap>3s,55.4,safe_action_end,65.3,120.0,64.6,-9.9,1.0,1.0,21.529999999999973,16.0,False,,,False,120 or above,793.0,796.0,True,True,True,,,,,,533862946a73608c134d18b78226b6371ce7173c
C11,3895210,1,15,904,C11_M06,831,43.55600000000004,Carry,Bayer Leverkusen,,Corner,review sampling criterion: first negative-to-positive action turn,81.2,safe_action_end,80.3,120.0,38.8,-9.5,,,43.55600000000004,53.0,False,,,False,120 or above,829.0,832.0,True,True,True,,,,,,533862946a73608c134d18b78226b6371ce7173c
C11,3895210,1,15,904,C11_M07,853,56.07600000000002,Pass,Bayer Leverkusen,,Corner,review sampling criterion: single_negative>=30,29.8,safe_action_end,65.0,120.0,90.2,-35.2,4.0,4.0,56.07600000000002,75.0,False,,,False,120 or above,851.0,864.0,True,True,True,,,,,,533862946a73608c134d18b78226b6371ce7173c
C12,3895292,2,109,904,C12_M01,2432,0.0,Pass,Bayer Leverkusen,Corner,Corner,review sampling criterion: first negative vector (no magnitude minimum); review sampling criterion: literal football context; review sampling criterion: peak_retreat>=5; review sampling criterion: single_negative>=5,113.8,safe_action_end,120.0,120.0,6.200000000000003,-6.200000000000003,1.0,1.0,0.0,0.0,False,,,False,120 or above,,2438.0,False,True,True,,,,,,533862946a73608c134d18b78226b6371ce7173c
C12,3895292,2,109,904,C12_M02,2435,2.147999999999911,Shot,Bayer Leverkusen,,Corner,review sampling criterion: literal football context,,unavailable_no_safe_action_vector,,120.0,,-6.200000000000003,,,2.147999999999911,3.0,,,,,120 or above,2432.0,2438.0,True,False,True,,,,,,533862946a73608c134d18b78226b6371ce7173c
C12,3895292,2,109,904,C12_M03,2438,6.1159999999999854,Pass,Bayer Leverkusen,,Corner,review sampling criterion: negative run>=2; review sampling criterion: nonpositive run>=2; review sampling criterion: peak_retreat>=15; review sampling criterion: peak_retreat>=30; review sampling criterion: peak_retreat>=40; review sampling criterion: single_negative>=15,73.0,safe_action_end,94.8,120.0,47.0,-21.8,2.0,2.0,6.1159999999999854,6.0,False,,,False,120 or above,2432.0,2440.0,True,True,True,,,,,,533862946a73608c134d18b78226b6371ce7173c
C12,3895292,2,109,904,C12_M04,2440,8.227999999999952,Carry,Bayer Leverkusen,,Corner,review sampling criterion: first negative-to-positive action turn,73.8,safe_action_end,73.0,120.0,46.2,-21.8,,,8.227999999999952,8.0,False,,,False,120 or above,2438.0,2441.0,True,True,True,,,,,,533862946a73608c134d18b78226b6371ce7173c
C12,3895292,2,109,904,C12_M05,2450,18.900999999999957,Clearance,Union Berlin,,Corner,review sampling criterion: first full-event gap>3s,,unavailable_no_safe_action_vector,,120.0,,0.0,,,18.900999999999957,18.0,,,,,120 or above,2447.0,2452.0,True,False,True,,,,,,533862946a73608c134d18b78226b6371ce7173c
C12,3895292,2,109,904,C12_M06,2481,54.35899999999992,Pass,Bayer Leverkusen,,Corner,review sampling criterion: negative run>=3,75.8,safe_action_end,80.4,120.0,44.2,-13.600000000000009,4.0,4.0,54.35899999999992,49.0,False,,,False,120 or above,2480.0,2483.0,True,True,True,,,,,,533862946a73608c134d18b78226b6371ce7173c
C12,3895292,2,109,904,C12_M07,2483,55.23399999999992,Carry,Bayer Leverkusen,,Corner,review sampling criterion: nonpositive run>=3,75.8,safe_action_end,75.8,120.0,44.2,-4.6000000000000085,,5.0,55.23399999999992,51.0,False,,,False,120 or above,2481.0,2484.0,True,True,True,,,,,,533862946a73608c134d18b78226b6371ce7173c
C12,3895292,2,109,904,C12_M08,2550,112.00599999999996,Clearance,Union Berlin,,Corner,review sampling criterion: literal football context,,unavailable_no_safe_action_vector,,120.0,,0.0,,,112.00599999999996,118.0,,,,,120 or above,2549.0,,True,False,False,,,,,,533862946a73608c134d18b78226b6371ce7173c
C12,3895292,2,109,904,C12_M09,2551,138.79599999999994,Substitution,Union Berlin,,Corner,review sampling criterion: first full-event gap>10s; review sampling criterion: first full-event gap>15s,,unavailable_no_safe_action_vector,,120.0,,0.0,,,138.79599999999994,119.0,,,,,120 or above,2549.0,,True,False,False,,,,,,533862946a73608c134d18b78226b6371ce7173c
C13,3895052,1,17,904,C13_M01,301,8.441000000000031,Pass,Bayer Leverkusen,,,review sampling criterion: first full-event gap>3s,,unavailable_no_safe_action_vector,,,,,,,,,,,,,"[0,30)",,303.0,False,False,True,,,,,,533862946a73608c134d18b78226b6371ce7173c
C13,3895052,1,17,904,C13_M02,308,19.201000000000025,Carry,Bayer Leverkusen,,,review sampling criterion: first negative vector (no magnitude minimum),43.8,safe_action_end,44.9,44.9,1.1000000000000014,-1.1000000000000014,1.0,1.0,0.0,0.0,True,6.800000000000011,11.0,True,"[0,30)",306.0,309.0,True,True,True,,,,,,533862946a73608c134d18b78226b6371ce7173c
C13,3895052,1,17,904,C13_M03,309,19.28100000000001,Pass,Bayer Leverkusen,,,review sampling criterion: negative run>=2; review sampling criterion: nonpositive run>=2; review sampling criterion: peak_retreat>=15; review sampling criterion: peak_retreat>=5; review sampling criterion: single_negative>=15; review sampling criterion: single_negative>=5,28.5,safe_action_end,43.8,44.9,16.4,-15.299999999999995,2.0,2.0,0.079999999999984,1.0,True,6.720000000000027,10.0,True,"[0,30)",308.0,312.0,True,True,True,,,,,,533862946a73608c134d18b78226b6371ce7173c
C13,3895052,1,17,904,C13_M04,312,23.38400000000001,Pass,Bayer Leverkusen,,,review sampling criterion: first negative-to-positive action turn,41.0,safe_action_end,32.5,44.9,3.899999999999999,-15.299999999999995,,,4.182999999999993,4.0,True,2.617000000000018,7.0,True,"[0,30)",309.0,314.0,True,True,True,,,,,,533862946a73608c134d18b78226b6371ce7173c
C13,3895052,1,17,904,C13_M05,344,42.185,Carry,Bayer Leverkusen,,,review sampling criterion: shortest/longest observed record-peak recovery,89.6,safe_action_end,83.7,89.6,0.0,-1.7000000000000028,,,0.0,0.0,,,,,"[0,30)",342.0,345.0,True,True,True,,,,,,533862946a73608c134d18b78226b6371ce7173c
C13,3895052,1,17,904,C13_M06,355,48.92599999999999,Pass,Bayer Leverkusen,,,review sampling criterion: peak_retreat>=30,56.6,safe_action_end,73.9,89.6,32.99999999999999,-17.300000000000004,2.0,2.0,6.7409999999999854,11.0,True,20.85900000000004,29.0,True,"[0,30)",353.0,357.0,True,True,True,,,,,,533862946a73608c134d18b78226b6371ce7173c
C13,3895052,1,17,904,C13_M07,357,50.41900000000004,Carry,Bayer Leverkusen,,,review sampling criterion: negative run>=3; review sampling criterion: nonpositive run>=3,56.4,safe_action_end,56.6,89.6,33.2,-17.300000000000004,3.0,3.0,8.234000000000037,13.0,True,19.365999999999985,27.0,True,"[0,30)",355.0,358.0,True,True,True,,,,,,533862946a73608c134d18b78226b6371ce7173c
C13,3895052,1,17,904,C13_M08,384,69.78500000000003,Pass,Bayer Leverkusen,,,review sampling criterion: shortest/longest observed record-peak recovery,98.2,safe_action_end,80.9,98.2,0.0,-3.5999999999999943,,,0.0,0.0,,,,,"[0,30)",383.0,,True,True,False,,,,,,533862946a73608c134d18b78226b6371ce7173c
C14,3895052,2,120,904,C14_M01,2436,6.344000000000051,Pass,Bayer Leverkusen,,,review sampling criterion: first full-event gap>3s,,unavailable_no_safe_action_vector,,,,,,,,,,,,,"[30,60)",,2438.0,False,False,True,,,,,,533862946a73608c134d18b78226b6371ce7173c
C14,3895052,2,120,904,C14_M02,2438,10.720000000000027,Pass,Bayer Leverkusen,,,review sampling criterion: first negative vector (no magnitude minimum),40.8,safe_action_end,42.8,42.8,2.0,-2.0,1.0,1.0,0.0,0.0,True,1.5599999999999454,2.0,True,"[30,60)",,2440.0,False,True,True,,,,,,533862946a73608c134d18b78226b6371ce7173c
C14,3895052,2,120,904,C14_M03,2440,12.279999999999973,Carry,Bayer Leverkusen,,,review sampling criterion: first negative-to-positive action turn; review sampling criterion: shortest/longest observed record-peak recovery,45.4,safe_action_end,40.8,45.4,0.0,-2.0,,,0.0,0.0,,,,,"[30,60)",2438.0,2441.0,True,True,True,,,,,,533862946a73608c134d18b78226b6371ce7173c
C14,3895052,2,120,904,C14_M04,2441,24.74199999999996,Pass,Bayer Leverkusen,,,review sampling criterion: first full-event gap>10s; review sampling criterion: peak_retreat>=5; review sampling criterion: single_negative>=5,38.2,safe_action_end,45.4,45.4,7.199999999999996,-7.199999999999996,1.0,1.0,0.0,0.0,True,6.442000000000007,3.0,True,"[30,60)",2440.0,2443.0,True,True,True,,,,,,533862946a73608c134d18b78226b6371ce7173c
C14,3895052,2,120,904,C14_M05,2447,33.18799999999999,Pass,Bayer Leverkusen,,,review sampling criterion: negative run>=2; review sampling criterion: nonpositive run>=2; review sampling criterion: peak_retreat>=15,34.7,safe_action_end,47.4,49.8,15.099999999999994,-12.699999999999996,2.0,2.0,0.7459999999999809,1.0,True,8.051000000000045,8.0,True,"[30,60)",2446.0,2449.0,True,True,True,,,,,,533862946a73608c134d18b78226b6371ce7173c
C14,3895052,2,120,904,C14_M06,2455,41.23900000000003,Carry,Bayer Leverkusen,,,review sampling criterion: shortest/longest observed record-peak recovery,51.0,safe_action_end,48.0,51.0,0.0,-0.1999999999999957,,,0.0,0.0,,,,,"[30,60)",2453.0,2456.0,True,True,True,,,,,,533862946a73608c134d18b78226b6371ce7173c
C14,3895052,2,120,904,C14_M07,2461,45.81600000000003,Pass,Bayer Leverkusen,,,review sampling criterion: single_negative>=15,44.8,safe_action_end,62.3,62.3,17.5,-17.5,1.0,1.0,0.0,0.0,True,3.0779999999999745,5.0,True,"[30,60)",2459.0,2463.0,True,True,True,,,,,,533862946a73608c134d18b78226b6371ce7173c
C14,3895052,2,120,904,C14_M08,2503,74.44799999999998,Pass,Bayer Leverkusen,,,review sampling criterion: peak_retreat>=30,80.1,safe_action_end,81.8,110.3,30.200000000000003,-7.200000000000003,4.0,4.0,14.216999999999985,26.0,False,,,False,"[30,60)",2502.0,2505.0,True,True,True,,,,,,533862946a73608c134d18b78226b6371ce7173c
C14,3895052,2,120,904,C14_M09,2506,75.94500000000005,Pass,Bayer Leverkusen,,,review sampling criterion: negative run>=3; review sampling criterion: nonpositive run>=3; review sampling criterion: peak_retreat>=40,69.1,safe_action_end,77.5,110.3,41.2,-8.400000000000006,6.0,6.0,15.714000000000055,29.0,False,,,False,"[30,60)",2505.0,2508.0,True,True,True,,,,,,533862946a73608c134d18b78226b6371ce7173c
C15,3895067,1,3,904,C15_M01,18,0.0,Pass,Bayer Leverkusen,Free Kick,Free Kick,review sampling criterion: first negative vector (no magnitude minimum); review sampling criterion: literal football context; review sampling criterion: peak_retreat>=5; review sampling criterion: single_negative>=5,26.9,safe_action_end,34.8,34.8,7.899999999999999,-7.899999999999999,1.0,1.0,0.0,0.0,True,2.347999999999999,3.0,True,"[30,60)",,20.0,False,True,True,,,,,,533862946a73608c134d18b78226b6371ce7173c
C15,3895067,1,3,904,C15_M02,20,0.7639999999999993,Carry,Bayer Leverkusen,,Free Kick,review sampling criterion: first negative-to-positive action turn,31.3,safe_action_end,26.9,34.8,3.4999999999999964,-7.899999999999999,,,0.7639999999999993,2.0,True,1.5839999999999996,1.0,True,"[30,60)",18.0,21.0,True,True,True,,,,,,533862946a73608c134d18b78226b6371ce7173c
C15,3895067,1,3,904,C15_M03,28,12.297,Pass,Bayer Leverkusen,,Free Kick,review sampling criterion: first full-event gap>3s,48.8,safe_action_end,42.1,56.2,7.400000000000006,0.0,,,7.557000000000002,4.0,True,13.454999999999998,13.0,True,"[30,60)",24.0,30.0,True,True,True,,,,,,533862946a73608c134d18b78226b6371ce7173c
C15,3895067,1,3,904,C15_M04,35,18.086,Pass,Bayer Leverkusen,,Free Kick,review sampling criterion: negative run>=2; review sampling criterion: nonpositive run>=2; review sampling criterion: peak_retreat>=15; review sampling criterion: single_negative>=15,33.6,safe_action_end,49.7,56.2,22.6,-16.1,2.0,2.0,13.346000000000004,11.0,True,7.665999999999997,6.0,True,"[30,60)",34.0,37.0,True,True,True,,,,,,533862946a73608c134d18b78226b6371ce7173c
C15,3895067,1,3,904,C15_M05,41,25.752,Pass,Bayer Leverkusen,,Free Kick,review sampling criterion: shortest/longest observed record-peak recovery,56.6,safe_action_end,51.5,56.6,0.0,-1.2000000000000028,,,0.0,0.0,,,,,"[30,60)",40.0,43.0,True,True,True,,,,,,533862946a73608c134d18b78226b6371ce7173c
C15,3895067,1,3,904,C15_M06,46,27.911,Carry,Bayer Leverkusen,,Free Kick,review sampling criterion: shortest/longest observed record-peak recovery,57.1,safe_action_end,49.5,57.1,0.0,-7.100000000000001,,,0.0,0.0,,,,,"[30,60)",44.0,47.0,True,True,True,,,,,,533862946a73608c134d18b78226b6371ce7173c
C15,3895067,1,3,904,C15_M07,71,55.08099999999999,Pass,Bayer Leverkusen,,Free Kick,review sampling criterion: negative run>=3; review sampling criterion: nonpositive run>=3; review sampling criterion: peak_retreat>=30,52.4,safe_action_end,63.5,84.7,32.300000000000004,-19.0,4.0,4.0,9.012,6.0,True,6.962000000000003,11.0,True,"[30,60)",70.0,73.0,True,True,True,,,,,,533862946a73608c134d18b78226b6371ce7173c
C15,3895067,1,3,904,C15_M08,114,88.122,Shot,Bayer Leverkusen,,Free Kick,review sampling criterion: literal football context,,unavailable_no_safe_action_vector,106.3,106.3,,0.0,,,1.9450000000000076,3.0,,,,,"[30,60)",111.0,118.0,True,True,True,,,,,,533862946a73608c134d18b78226b6371ce7173c
C15,3895067,1,3,904,C15_M09,121,92.331,Injury Stoppage,Bayer Leverkusen,,Free Kick,review sampling criterion: literal football context,,unavailable_no_safe_action_vector,,106.3,,0.0,,,6.153999999999996,10.0,,,,,"[30,60)",118.0,,True,False,False,,,,,,533862946a73608c134d18b78226b6371ce7173c
C15,3895067,1,3,904,C15_M10,122,166.807,Player Off,Bayer Leverkusen,,Free Kick,review sampling criterion: first full-event gap>10s; review sampling criterion: first full-event gap>15s,,unavailable_no_safe_action_vector,,106.3,,0.0,,,80.63,11.0,,,,,"[30,60)",118.0,,True,False,False,,,,,,533862946a73608c134d18b78226b6371ce7173c
C16,3895086,1,23,904,C16_M01,521,8.46300000000008,Pass,Bayer Leverkusen,,,review sampling criterion: first full-event gap>3s,,unavailable_no_safe_action_vector,,65.6,,0.0,,,3.777000000000044,1.0,,,,,"[0,30)",520.0,523.0,True,False,True,,,,,,533862946a73608c134d18b78226b6371ce7173c
C16,3895086,1,23,904,C16_M02,523,9.423000000000002,Carry,Bayer Leverkusen,,,review sampling criterion: shortest/longest observed record-peak recovery,70.2,safe_action_end,62.5,70.2,0.0,0.0,,,0.0,0.0,,,,,"[0,30)",520.0,524.0,True,True,True,,,,,,533862946a73608c134d18b78226b6371ce7173c
C16,3895086,1,23,904,C16_M03,537,21.697000000000003,Carry,Bayer Leverkusen,,,review sampling criterion: peak_retreat>=15; review sampling criterion: peak_retreat>=5,57.4,safe_action_end,56.9,85.5,28.1,0.0,,,6.6059999999999945,9.0,True,96.63800000000003,103.0,True,"[0,30)",534.0,538.0,True,True,True,,,,,,533862946a73608c134d18b78226b6371ce7173c
C16,3895086,1,23,904,C16_M04,540,23.578000000000088,Carry,Bayer Leverkusen,,,review sampling criterion: first negative vector (no magnitude minimum),61.8,safe_action_end,64.0,85.5,23.700000000000003,-2.200000000000003,1.0,1.0,8.48700000000008,12.0,True,94.75699999999996,100.0,True,"[0,30)",538.0,541.0,True,True,True,,,,,,533862946a73608c134d18b78226b6371ce7173c
C16,3895086,1,23,904,C16_M05,541,25.578000000000088,Pass,Bayer Leverkusen,,,review sampling criterion: peak_retreat>=30; review sampling criterion: single_negative>=5,51.5,safe_action_end,61.8,85.5,34.0,-10.299999999999995,2.0,2.0,10.48700000000008,13.0,True,92.75699999999996,99.0,True,"[0,30)",540.0,543.0,True,True,True,,,,,,533862946a73608c134d18b78226b6371ce7173c
C16,3895086,1,23,904,C16_M06,543,26.293999999999983,Carry,Bayer Leverkusen,,,review sampling criterion: negative run>=2; review sampling criterion: negative run>=3; review sampling criterion: nonpositive run>=2; review sampling criterion: nonpositive run>=3,49.9,safe_action_end,51.5,85.5,35.6,-10.299999999999995,3.0,3.0,11.202999999999976,15.0,True,92.04100000000004,97.0,True,"[0,30)",541.0,544.0,True,True,True,,,,,,533862946a73608c134d18b78226b6371ce7173c
C16,3895086,1,23,904,C16_M07,544,26.88300000000004,Pass,Bayer Leverkusen,,,review sampling criterion: first negative-to-positive action turn,50.2,safe_action_end,49.9,85.5,35.3,-10.299999999999995,,,11.79200000000003,16.0,True,91.452,96.0,True,"[0,30)",543.0,546.0,True,True,True,,,,,,533862946a73608c134d18b78226b6371ce7173c
C16,3895086,1,23,904,C16_M08,574,59.551000000000045,Pass,Bayer Leverkusen,,,review sampling criterion: peak_retreat>=40,42.5,safe_action_end,47.9,85.5,43.0,-9.700000000000005,5.0,5.0,44.46000000000004,46.0,True,58.78399999999999,66.0,True,"[0,30)",573.0,576.0,True,True,True,,,,,,533862946a73608c134d18b78226b6371ce7173c
C16,3895086,1,23,904,C16_M09,603,83.42700000000002,Pass,Bayer Leverkusen,,,review sampling criterion: single_negative>=15,63.4,safe_action_end,80.0,85.5,22.1,-16.6,3.0,3.0,68.33600000000001,75.0,True,34.908000000000015,37.0,True,"[0,30)",602.0,606.0,True,True,True,,,,,,533862946a73608c134d18b78226b6371ce7173c
C16,3895086,1,23,904,C16_M10,640,118.33500000000004,Pass,Bayer Leverkusen,,,review sampling criterion: shortest/longest observed record-peak recovery,92.0,safe_action_end,71.4,92.0,0.0,0.0,,,0.0,0.0,,,,,"[0,30)",638.0,641.0,True,True,True,,,,,,533862946a73608c134d18b78226b6371ce7173c
C16,3895086,1,23,904,C16_M11,712,181.38800000000003,Clearance,FC Heidenheim,,,review sampling criterion: literal football context,,unavailable_no_safe_action_vector,,116.7,,0.0,,,51.450000000000045,58.0,,,,,"[0,30)",709.0,,True,False,False,,,,,,533862946a73608c134d18b78226b6371ce7173c
C17,3895121,2,83,904,C17_M01,2068,5.081999999999994,Pass,Bayer Leverkusen,,,review sampling criterion: first full-event gap>3s,,unavailable_no_safe_action_vector,,15.3,,0.0,,,5.081999999999994,1.0,,,,,"[0,30)",2067.0,2070.0,True,False,True,,,,,,533862946a73608c134d18b78226b6371ce7173c
C17,3895121,2,83,904,C17_M02,2074,11.25399999999999,Pass,Bayer Leverkusen,,,review sampling criterion: first negative vector (no magnitude minimum),44.6,safe_action_end,48.7,48.7,4.100000000000001,-4.100000000000001,1.0,1.0,0.0,0.0,True,2.992999999999995,3.0,True,"[0,30)",2073.0,2076.0,True,True,True,,,,,,533862946a73608c134d18b78226b6371ce7173c
C17,3895121,2,83,904,C17_M03,2076,12.60899999999998,Carry,Bayer Leverkusen,,,review sampling criterion: first negative-to-positive action turn,47.1,safe_action_end,44.6,48.7,1.6000000000000014,-4.100000000000001,,,1.3549999999999898,2.0,True,1.6380000000000052,1.0,True,"[0,30)",2074.0,2077.0,True,True,True,,,,,,533862946a73608c134d18b78226b6371ce7173c
C17,3895121,2,83,904,C17_M04,2083,21.25,Pass,Bayer Leverkusen,,,review sampling criterion: peak_retreat>=5; review sampling criterion: single_negative>=5,57.3,safe_action_end,71.1,71.1,13.799999999999995,-13.799999999999995,1.0,2.0,0.0,0.0,True,15.211999999999987,17.0,True,"[0,30)",2082.0,2085.0,True,True,True,,,,,,533862946a73608c134d18b78226b6371ce7173c
C17,3895121,2,83,904,C17_M05,2085,22.37899999999999,Carry,Bayer Leverkusen,,,review sampling criterion: negative run>=2; review sampling criterion: nonpositive run>=2; review sampling criterion: nonpositive run>=3,57.2,safe_action_end,57.3,71.1,13.899999999999991,-13.799999999999995,2.0,3.0,1.128999999999991,2.0,True,14.082999999999998,15.0,True,"[0,30)",2083.0,2086.0,True,True,True,,,,,,533862946a73608c134d18b78226b6371ce7173c
C17,3895121,2,83,904,C17_M06,2100,36.46199999999999,Pass,Bayer Leverkusen,,,review sampling criterion: shortest/longest observed record-peak recovery,71.7,safe_action_end,57.3,71.7,0.0,-0.2000000000000028,,,0.0,0.0,,,,,"[0,30)",2099.0,2102.0,True,True,True,,,,,,533862946a73608c134d18b78226b6371ce7173c
C17,3895121,2,83,904,C17_M07,2106,39.94799999999998,Pass,Bayer Leverkusen,,,review sampling criterion: shortest/longest observed record-peak recovery,75.8,safe_action_end,64.1,75.8,0.0,-9.400000000000006,,,0.0,0.0,,,,,"[0,30)",2105.0,2108.0,True,True,True,,,,,,533862946a73608c134d18b78226b6371ce7173c
C17,3895121,2,83,904,C17_M08,2115,46.559,Pass,Bayer Leverkusen,,,review sampling criterion: peak_retreat>=15,63.3,safe_action_end,77.0,84.6,21.3,-13.700000000000005,1.0,3.0,1.6230000000000189,3.0,True,5.650999999999982,6.0,True,"[0,30)",2114.0,2117.0,True,True,True,,,,,,533862946a73608c134d18b78226b6371ce7173c
C17,3895121,2,83,904,C17_M09,2131,72.87900000000002,Shot,Bayer Leverkusen,,,review sampling criterion: literal football context,,unavailable_no_safe_action_vector,103.3,116.6,,0.0,,,20.66900000000004,10.0,,,,,"[0,30)",2130.0,2135.0,True,True,True,,,,,,533862946a73608c134d18b78226b6371ce7173c
C17,3895121,2,83,904,C17_M10,2140,83.743,Carry,Bayer Leverkusen,,,review sampling criterion: peak_retreat>=30; review sampling criterion: peak_retreat>=40,49.5,safe_action_end,47.7,116.6,67.1,0.0,,,31.533000000000012,19.0,False,,,False,"[0,30)",2137.0,2141.0,True,True,True,,,,,,533862946a73608c134d18b78226b6371ce7173c
C17,3895121,2,83,904,C17_M11,2180,124.404,Pass,Bayer Leverkusen,,,review sampling criterion: negative run>=3,73.3,safe_action_end,84.0,116.6,43.3,-10.700000000000005,5.0,8.0,72.19400000000002,59.0,False,,,False,"[0,30)",2177.0,2182.0,True,True,True,,,,,,533862946a73608c134d18b78226b6371ce7173c
C17,3895121,2,83,904,C17_M12,2249,172.30199999999996,Block,Bayer Leverkusen,,,review sampling criterion: literal football context,,unavailable_no_safe_action_vector,,116.6,,-0.2000000000000028,,,120.09199999999998,128.0,,,,,"[0,30)",2246.0,,True,False,False,,,,,,533862946a73608c134d18b78226b6371ce7173c
C18,3895153,1,43,904,C18_M01,1286,0.0,Pass,Bayer Leverkusen,Free Kick,Free Kick,review sampling criterion: literal football context,,unavailable_no_safe_action_vector,,,,,,,,,,,,,"[60,80)",,1288.0,False,False,True,,,,,,533862946a73608c134d18b78226b6371ce7173c
C18,3895153,1,43,904,C18_M02,1288,1.8739999999997965,Pass,Bayer Leverkusen,,Free Kick,review sampling criterion: first negative vector (no magnitude minimum); review sampling criterion: peak_retreat>=5; review sampling criterion: single_negative>=5,61.5,safe_action_end,69.0,69.0,7.5,-7.5,1.0,1.0,0.0,0.0,True,40.167000000000144,44.0,True,"[60,80)",,1290.0,False,True,True,,,,,,533862946a73608c134d18b78226b6371ce7173c
C18,3895153,1,43,904,C18_M03,1290,3.0019999999999527,Carry,Bayer Leverkusen,,Free Kick,review sampling criterion: first negative-to-positive action turn,63.1,safe_action_end,61.5,69.0,5.899999999999999,-7.5,,,1.1280000000001564,2.0,True,39.03899999999999,42.0,True,"[60,80)",1288.0,1291.0,True,True,True,,,,,,533862946a73608c134d18b78226b6371ce7173c
C18,3895153,1,43,904,C18_M04,1291,7.580999999999904,Pass,Bayer Leverkusen,,Free Kick,review sampling criterion: first full-event gap>3s,65.2,safe_action_end,63.1,69.0,3.799999999999997,-7.5,,,5.707000000000107,3.0,True,34.46000000000004,41.0,True,"[60,80)",1290.0,1293.0,True,True,True,,,,,,533862946a73608c134d18b78226b6371ce7173c
C18,3895153,1,43,904,C18_M05,1296,11.853999999999814,Carry,Bayer Leverkusen,,Free Kick,review sampling criterion: negative run>=2; review sampling criterion: nonpositive run>=2,58.8,safe_action_end,62.7,69.0,10.200000000000005,-3.9000000000000057,2.0,2.0,9.980000000000018,8.0,True,30.18700000000013,36.0,True,"[60,80)",1294.0,1297.0,True,True,True,,,,,,533862946a73608c134d18b78226b6371ce7173c
C18,3895153,1,43,904,C18_M06,1302,15.142999999999802,Carry,Bayer Leverkusen,,Free Kick,review sampling criterion: peak_retreat>=15,51.1,safe_action_end,54.4,69.0,17.9,-6.600000000000001,2.0,2.0,13.269000000000004,14.0,True,26.89800000000014,30.0,True,"[60,80)",1300.0,1303.0,True,True,True,,,,,,533862946a73608c134d18b78226b6371ce7173c
C18,3895153,1,43,904,C18_M07,1304,16.373999999999796,Pass,Bayer Leverkusen,,Free Kick,review sampling criterion: peak_retreat>=30,36.2,safe_action_end,51.1,69.0,32.8,-14.9,3.0,3.0,14.5,16.0,True,25.667000000000144,28.0,True,"[60,80)",1303.0,1306.0,True,True,True,,,,,,533862946a73608c134d18b78226b6371ce7173c
C18,3895153,1,43,904,C18_M08,1306,17.235999999999876,Carry,Bayer Leverkusen,,Free Kick,review sampling criterion: negative run>=3; review sampling criterion: nonpositive run>=3,34.0,safe_action_end,36.2,69.0,35.0,-14.9,4.0,4.0,15.36200000000008,18.0,True,24.805000000000064,26.0,True,"[60,80)",1304.0,1307.0,True,True,True,,,,,,533862946a73608c134d18b78226b6371ce7173c
C18,3895153,1,43,904,C18_M09,1309,20.593999999999824,Carry,Bayer Leverkusen,,Free Kick,review sampling criterion: peak_retreat>=40; review sampling criterion: single_negative>=15,27.4,safe_action_end,46.6,69.0,41.6,-19.200000000000003,1.0,1.0,18.720000000000027,21.0,True,21.44700000000012,23.0,True,"[60,80)",1307.0,1311.0,True,True,True,,,,,,533862946a73608c134d18b78226b6371ce7173c
C18,3895153,1,43,904,C18_M10,1367,86.01099999999997,Pass,Werder Bremen,,Free Kick,review sampling criterion: first full-event gap>10s; review sampling criterion: first full-event gap>15s,,unavailable_no_safe_action_vector,,103.5,,-1.1999999999999886,,,19.576000000000025,4.0,,,,,"[60,80)",1363.0,1369.0,True,False,True,,,,,,533862946a73608c134d18b78226b6371ce7173c
C18,3895153,1,43,904,C18_M11,1417,129.75199999999995,Carry,Bayer Leverkusen,,Free Kick,review sampling criterion: shortest/longest observed record-peak recovery,103.8,safe_action_end,97.6,103.8,0.0,-1.3999999999999986,,,0.0,0.0,,,,,"[60,80)",1410.0,1420.0,True,True,True,,,,,,533862946a73608c134d18b78226b6371ce7173c
C18,3895153,1,43,904,C18_M12,1481,170.22299999999996,Pass,Bayer Leverkusen,,Free Kick,review sampling criterion: shortest/longest observed record-peak recovery,116.3,safe_action_end,90.6,116.3,0.0,-1.1000000000000083,,,0.0,0.0,,,,,"[60,80)",1480.0,1483.0,True,True,True,,,,,,533862946a73608c134d18b78226b6371ce7173c
C18,3895153,1,43,904,C18_M13,1485,173.048,Clearance,Werder Bremen,,Free Kick,review sampling criterion: literal football context,,unavailable_no_safe_action_vector,,117.0,,-3.0,,,0.7730000000001382,2.0,,,,,"[60,80)",1483.0,,True,False,False,,,,,,533862946a73608c134d18b78226b6371ce7173c
C19,3895052,1,6,904,C19_M01,101,1.416000000000011,Pass,Bayer Leverkusen,,,review sampling criterion: first negative vector (no magnitude minimum),99.4,safe_action_end,100.0,100.0,0.5999999999999943,-0.5999999999999943,1.0,1.0,0.0,0.0,False,,,False,"[80,100)",100.0,103.0,True,True,True,,,,,,533862946a73608c134d18b78226b6371ce7173c
C19,3895052,1,6,904,C19_M02,110,4.38600000000001,Carry,Bayer Leverkusen,,,review sampling criterion: negative run>=2; review sampling criterion: negative run>=3; review sampling criterion: nonpositive run>=2; review sampling criterion: nonpositive run>=3; review sampling criterion: peak_retreat>=5,92.2,safe_action_end,92.5,100.0,7.799999999999997,-0.6000000000000085,3.0,3.0,2.969999999999999,9.0,False,,,False,"[80,100)",107.0,111.0,True,True,True,,,,,,533862946a73608c134d18b78226b6371ce7173c
C19,3895052,1,6,904,C19_M03,111,6.815000000000012,Shot,Bayer Leverkusen,,,review sampling criterion: literal football context,,unavailable_no_safe_action_vector,92.2,100.0,,-0.6000000000000085,,,5.399000000000001,10.0,,,,,"[80,100)",110.0,,True,True,False,,,,,,533862946a73608c134d18b78226b6371ce7173c
C20,3895052,1,9,904,C20_M01,127,7.328000000000003,Pass,Bayer Leverkusen,,,review sampling criterion: peak_retreat>=15; review sampling criterion: peak_retreat>=5,98.0,safe_action_end,93.2,114.9,16.900000000000006,0.0,,,4.058000000000021,3.0,False,,,False,"[80,100)",124.0,,True,True,False,,,,,,533862946a73608c134d18b78226b6371ce7173c
C21,3895052,1,15,904,C21_M01,261,3.752999999999986,Pass,Bayer Leverkusen,,,review sampling criterion: first negative vector (no magnitude minimum); review sampling criterion: peak_retreat>=5; review sampling criterion: single_negative>=5,62.9,safe_action_end,69.5,69.5,6.600000000000001,-6.600000000000001,1.0,1.0,0.0,0.0,True,0.4530000000000314,2.0,True,"[30,60)",259.0,263.0,True,True,True,,,,,,533862946a73608c134d18b78226b6371ce7173c
C21,3895052,1,15,904,C21_M02,263,4.206000000000017,Pass,Bayer Leverkusen,,,review sampling criterion: first negative-to-positive action turn; review sampling criterion: shortest/longest observed record-peak recovery,83.5,safe_action_end,62.9,83.5,0.0,-6.600000000000001,,,0.0,0.0,,,,,"[30,60)",261.0,,True,True,False,,,,,,533862946a73608c134d18b78226b6371ce7173c
C22,3895052,1,19,904,C22_M01,407,0.0,Pass,Bayer Leverkusen,Goal Kick,Goal Kick,review sampling criterion: literal football context,,unavailable_no_safe_action_vector,,,,,,,,,,,,,"[0,30)",,409.0,False,False,True,,,,,,533862946a73608c134d18b78226b6371ce7173c
C22,3895052,1,19,904,C22_M02,413,8.725999999999999,Pressure,RB Leipzig,,Goal Kick,review sampling criterion: first full-event gap>3s,,unavailable_no_safe_action_vector,,66.5,,0.0,,,5.557999999999993,1.0,,,,,"[0,30)",412.0,416.0,True,False,True,,,,,,533862946a73608c134d18b78226b6371ce7173c
C22,3895052,1,19,904,C22_M03,420,11.918999999999984,Pass,Bayer Leverkusen,,Goal Kick,review sampling criterion: first negative vector (no magnitude minimum); review sampling criterion: peak_retreat>=5; review sampling criterion: single_negative>=5,63.5,safe_action_end,70.5,70.5,7.0,-7.0,1.0,1.0,0.0,0.0,True,8.192999999999984,8.0,True,"[0,30)",418.0,422.0,True,True,True,,,,,,533862946a73608c134d18b78226b6371ce7173c
C22,3895052,1,19,904,C22_M04,422,13.423999999999978,Carry,Bayer Leverkusen,,Goal Kick,review sampling criterion: first negative-to-positive action turn,63.7,safe_action_end,63.5,70.5,6.799999999999997,-7.0,,,1.5049999999999957,2.0,True,6.687999999999988,6.0,True,"[0,30)",420.0,425.0,True,True,True,,,,,,533862946a73608c134d18b78226b6371ce7173c
C22,3895052,1,19,904,C22_M05,425,16.259000000000015,Pass,Bayer Leverkusen,,Goal Kick,review sampling criterion: peak_retreat>=15,49.6,safe_action_end,48.8,70.5,20.9,-7.0,,,4.340000000000032,5.0,True,3.852999999999952,3.0,True,"[0,30)",422.0,427.0,True,True,True,,,,,,533862946a73608c134d18b78226b6371ce7173c
C22,3895052,1,19,904,C22_M06,428,20.111999999999966,Pass,Bayer Leverkusen,,Goal Kick,review sampling criterion: shortest/longest observed record-peak recovery,85.2,safe_action_end,62.3,85.2,0.0,0.0,,,0.0,0.0,,,,,"[0,30)",427.0,430.0,True,True,True,,,,,,533862946a73608c134d18b78226b6371ce7173c
C22,3895052,1,19,904,C22_M07,440,26.10699999999997,Shot,Bayer Leverkusen,,Goal Kick,review sampling criterion: literal football context,,unavailable_no_safe_action_vector,96.2,107.6,,0.0,,,2.079999999999984,5.0,,,,,"[0,30)",436.0,,True,True,False,,,,,,533862946a73608c134d18b78226b6371ce7173c
C23,3895052,1,23,904,C23_M01,486,3.9329999999999927,Carry,Bayer Leverkusen,,,review sampling criterion: first negative vector (no magnitude minimum); review sampling criterion: peak_retreat>=5; review sampling criterion: single_negative>=5,53.3,safe_action_end,59.3,59.3,6.0,-6.0,1.0,1.0,0.0,0.0,True,1.538000000000011,2.0,True,"[30,60)",483.0,488.0,True,True,True,,,,,,533862946a73608c134d18b78226b6371ce7173c
C23,3895052,1,23,904,C23_M02,488,5.471000000000004,Carry,Bayer Leverkusen,,,review sampling criterion: first negative-to-positive action turn; review sampling criterion: shortest/longest observed record-peak recovery,63.5,safe_action_end,53.3,63.5,0.0,-6.0,,,0.0,0.0,,,,,"[30,60)",486.0,489.0,True,True,True,,,,,,533862946a73608c134d18b78226b6371ce7173c
C24,3895052,2,92,904,C24_M01,1937,0.0,Pass,Bayer Leverkusen,Kick Off,Kick Off,review sampling criterion: first negative vector (no magnitude minimum); review sampling criterion: literal football context; review sampling criterion: peak_retreat>=15; review sampling criterion: peak_retreat>=5; review sampling criterion: single_negative>=15; review sampling criterion: single_negative>=5,41.2,safe_action_end,61.0,61.0,19.8,-19.8,1.0,1.0,0.0,0.0,True,2.744,3.0,True,"[60,80)",,1940.0,False,True,True,,,,,,533862946a73608c134d18b78226b6371ce7173c
C24,3895052,2,92,904,C24_M02,1940,2.744,Pass,Bayer Leverkusen,,Kick Off,review sampling criterion: first negative-to-positive action turn; review sampling criterion: shortest/longest observed record-peak recovery,93.2,safe_action_end,46.8,93.2,0.0,-19.8,,,0.0,0.0,,,,,"[60,80)",1937.0,,True,True,False,,,,,,533862946a73608c134d18b78226b6371ce7173c
C24,3895052,2,92,904,C24_M03,1941,5.754,Ball Receipt*,Bayer Leverkusen,,Kick Off,review sampling criterion: first full-event gap>3s,,unavailable_no_safe_action_vector,,93.2,,-19.8,,,3.01,1.0,,,,,"[60,80)",1940.0,,True,False,False,,,,,,533862946a73608c134d18b78226b6371ce7173c
C24,3895052,2,92,904,C24_M04,1942,5.94,Foul Committed,Bayer Leverkusen,,Kick Off,review sampling criterion: literal football context,,unavailable_no_safe_action_vector,,93.2,,-19.8,,,3.196,2.0,,,,,"[60,80)",1940.0,,True,False,False,,,,,,533862946a73608c134d18b78226b6371ce7173c
C24,3895052,2,92,904,C24_M05,1943,5.94,Foul Won,RB Leipzig,,Kick Off,review sampling criterion: literal football context,,unavailable_no_safe_action_vector,,93.2,,-19.8,,,3.196,3.0,,,,,"[60,80)",1940.0,,True,False,False,,,,,,533862946a73608c134d18b78226b6371ce7173c
C25,3895060,1,64,904,C25_M01,1222,0.0,Pass,Bayer Leverkusen,Free Kick,Free Kick,review sampling criterion: literal football context,,unavailable_no_safe_action_vector,,,,,,,,,,,,,"[30,60)",,1224.0,False,False,True,,,,,,533862946a73608c134d18b78226b6371ce7173c
C25,3895060,1,64,904,C25_M02,1224,4.863000000000056,Pass,Bayer Leverkusen,,Free Kick,review sampling criterion: first full-event gap>3s,49.3,safe_action_end,46.8,49.3,0.0,0.0,,,0.0,0.0,,,,,"[30,60)",,1226.0,False,True,True,,,,,,533862946a73608c134d18b78226b6371ce7173c
C25,3895060,1,64,904,C25_M03,1227,10.218000000000076,Pass,Bayer Leverkusen,,Free Kick,review sampling criterion: first negative vector (no magnitude minimum),50.6,safe_action_end,55.4,55.4,4.799999999999997,-4.799999999999997,1.0,1.0,0.0,0.0,True,4.195999999999913,3.0,True,"[30,60)",1226.0,1229.0,True,True,True,,,,,,533862946a73608c134d18b78226b6371ce7173c
C25,3895060,1,64,904,C25_M04,1229,11.190000000000056,Carry,Bayer Leverkusen,,Free Kick,review sampling criterion: negative run>=2; review sampling criterion: nonpositive run>=2; review sampling criterion: peak_retreat>=5,50.3,safe_action_end,50.6,55.4,5.100000000000001,-4.799999999999997,2.0,2.0,0.97199999999998,2.0,True,3.2239999999999327,1.0,True,"[30,60)",1227.0,1230.0,True,True,True,,,,,,533862946a73608c134d18b78226b6371ce7173c
C25,3895060,1,64,904,C25_M05,1230,14.413999999999987,Pass,Bayer Leverkusen,,Free Kick,review sampling criterion: first negative-to-positive action turn,57.2,safe_action_end,50.3,57.2,0.0,-4.799999999999997,,,0.0,0.0,,,,,"[30,60)",1229.0,1232.0,True,True,True,,,,,,533862946a73608c134d18b78226b6371ce7173c
C25,3895060,1,64,904,C25_M06,1233,15.135999999999967,Pass,Bayer Leverkusen,,Free Kick,review sampling criterion: single_negative>=5,49.3,safe_action_end,57.2,57.2,7.900000000000006,-7.900000000000006,1.0,2.0,0.0,0.0,True,6.691000000000031,10.0,True,"[30,60)",1232.0,1235.0,True,True,True,,,,,,533862946a73608c134d18b78226b6371ce7173c
C25,3895060,1,64,904,C25_M07,1236,17.529999999999973,Pass,Bayer Leverkusen,,Free Kick,review sampling criterion: nonpositive run>=3,48.3,safe_action_end,49.3,57.2,8.900000000000006,-7.900000000000006,1.0,4.0,2.394000000000005,3.0,True,4.2970000000000255,7.0,True,"[30,60)",1235.0,1238.0,True,True,True,,,,,,533862946a73608c134d18b78226b6371ce7173c
C25,3895060,1,64,904,C25_M08,1249,22.805000000000064,Carry,Bayer Leverkusen,,Free Kick,review sampling criterion: shortest/longest observed record-peak recovery,101.4,safe_action_end,72.3,101.4,0.0,-4.6000000000000085,,,0.0,0.0,,,,,"[30,60)",1246.0,1251.0,True,True,True,,,,,,533862946a73608c134d18b78226b6371ce7173c
C25,3895060,1,64,904,C25_M09,1269,41.24900000000002,Carry,Bayer Leverkusen,,Free Kick,review sampling criterion: peak_retreat>=15,83.0,safe_action_end,45.2,101.4,18.40000000000001,-0.5,,,12.374000000000024,17.0,True,6.516000000000076,1.0,True,"[30,60)",1261.0,1270.0,True,True,True,,,,,,533862946a73608c134d18b78226b6371ce7173c
C25,3895060,1,64,904,C25_M10,1270,47.7650000000001,Pass,Bayer Leverkusen,,Free Kick,review sampling criterion: shortest/longest observed record-peak recovery,110.1,safe_action_end,83.0,110.1,0.0,-0.5,,,0.0,0.0,,,,,"[30,60)",1269.0,1272.0,True,True,True,,,,,,533862946a73608c134d18b78226b6371ce7173c
C25,3895060,1,64,904,C25_M11,1275,52.33699999999999,Block,Borussia Mönchengladbach,,Free Kick,review sampling criterion: literal football context,,unavailable_no_safe_action_vector,,114.8,,0.0,,,0.2389999999998053,2.0,,,,,"[30,60)",1273.0,,True,False,False,,,,,,533862946a73608c134d18b78226b6371ce7173c
C26,3895052,2,126,904,C26_M01,2591,0.0,Pass,Bayer Leverkusen,Free Kick,Free Kick,review sampling criterion: literal football context,106.9,safe_action_end,76.7,106.9,0.0,0.0,,,0.0,0.0,,,,,"[60,80)",,2593.0,False,True,True,,,,,,533862946a73608c134d18b78226b6371ce7173c
C26,3895052,2,126,904,C26_M02,2592,2.3029999999999973,Clearance,RB Leipzig,,Free Kick,review sampling criterion: literal football context,,unavailable_no_safe_action_vector,,106.9,,0.0,,,2.3029999999999973,1.0,,,,,"[60,80)",2591.0,2593.0,True,False,True,,,,,,533862946a73608c134d18b78226b6371ce7173c
C27,3895052,1,1,904,C27_M01,3,0.0,Half Start,Bayer Leverkusen,,,review sampling criterion: literal football context,,unavailable_no_safe_action_vector,,,,,,,,,,,,,,,,False,False,False,,,,,,533862946a73608c134d18b78226b6371ce7173c
C27,3895052,1,1,904,C27_M02,4,0.0,Half Start,RB Leipzig,,,review sampling criterion: literal football context,,unavailable_no_safe_action_vector,,,,,,,,,,,,,,,,False,False,False,,,,,,533862946a73608c134d18b78226b6371ce7173c
