case_id,match_id,period,possession_id,possession_team_id,first_event_index,last_event_index,total_event_count,statsbomb_revision
C01,3895052,1,46,904,1168,1175,8,533862946a73608c134d18b78226b6371ce7173c
C02,3895060,2,172,904,4275,4291,17,533862946a73608c134d18b78226b6371ce7173c
C03,3895153,2,115,904,3451,3465,15,533862946a73608c134d18b78226b6371ce7173c
C04,3895052,1,12,904,162,219,58,533862946a73608c134d18b78226b6371ce7173c
C05,3895052,2,174,904,3610,3631,22,533862946a73608c134d18b78226b6371ce7173c
C06,3895060,1,23,904,426,475,50,533862946a73608c134d18b78226b6371ce7173c
C07,3895060,1,36,904,642,732,91,533862946a73608c134d18b78226b6371ce7173c
C08,3895067,2,102,904,2749,2807,59,533862946a73608c134d18b78226b6371ce7173c
C09,3895153,1,21,904,574,663,90,533862946a73608c134d18b78226b6371ce7173c
C10,3895167,2,106,904,2412,2588,177,533862946a73608c134d18b78226b6371ce7173c
C11,3895210,1,15,904,778,1010,233,533862946a73608c134d18b78226b6371ce7173c
C12,3895292,2,109,904,2432,2553,122,533862946a73608c134d18b78226b6371ce7173c
C13,3895052,1,17,904,300,385,86,533862946a73608c134d18b78226b6371ce7173c
C14,3895052,2,120,904,2435,2525,91,533862946a73608c134d18b78226b6371ce7173c
C15,3895067,1,3,904,18,122,105,533862946a73608c134d18b78226b6371ce7173c
C16,3895086,1,23,904,516,712,197,533862946a73608c134d18b78226b6371ce7173c
C17,3895121,2,83,904,2066,2249,184,533862946a73608c134d18b78226b6371ce7173c
C18,3895153,1,43,904,1286,1485,200,533862946a73608c134d18b78226b6371ce7173c
C19,3895052,1,6,904,96,111,16,533862946a73608c134d18b78226b6371ce7173c
C20,3895052,1,9,904,118,130,13,533862946a73608c134d18b78226b6371ce7173c
C21,3895052,1,15,904,256,264,9,533862946a73608c134d18b78226b6371ce7173c
C22,3895052,1,19,904,407,441,35,533862946a73608c134d18b78226b6371ce7173c
C23,3895052,1,23,904,479,490,12,533862946a73608c134d18b78226b6371ce7173c
C24,3895052,2,92,904,1937,1943,7,533862946a73608c134d18b78226b6371ce7173c
C25,3895060,1,64,904,1222,1275,54,533862946a73608c134d18b78226b6371ce7173c
C26,3895052,2,126,904,2591,2594,4,533862946a73608c134d18b78226b6371ce7173c
C27,3895052,1,1,904,1,4,4,533862946a73608c134d18b78226b6371ce7173c
C28,3895052,1,22,904,478,478,1,533862946a73608c134d18b78226b6371ce7173c
